<?xml version="1.0" encoding="UTF-8"?>
<project-private xmlns="http://www.netbeans.org/ns/project-private/1">
    <editor-bookmarks xmlns="http://www.netbeans.org/ns/editor-bookmarks/2" lastBookmarkId="0"/>
    <open-files xmlns="http://www.netbeans.org/ns/projectui-open-files/2">
        <group>
            <file>file:/C:/Users/Hai/Documents/CIS%203344%20Client%20Side%20Scripting/NetBeans/CIS3344_Dang_Hai/web/index.html</file>
            <file>file:/C:/Users/Hai/Documents/CIS%203344%20Client%20Side%20Scripting/NetBeans/CIS3344_Dang_Hai/web/styles.css</file>
        </group>
    </open-files>
</project-private>
