{
    "dbError": "",
    "personList": [{
            "personId": "225",
            "name": "batgirl",
            "age": "17",
            "sex": "Female",
            "errorMsg": ""
        }, {
            "personId": "128",
            "name": "Batman",
            "age": "39",
            "sex": "Male",
            "errorMsg": ""
        }, {
            "personId": "139",
            "name": "Darth Vader",
            "age": "",
            "sex": "Male",
            "errorMsg": ""
        }, {
            "personId": "131",
            "name": "Donald Trump",
            "age": "78",
            "sex": "Female",
            "errorMsg": ""
        }, {
            "personId": "224",
            "name": "flash gordon",
            "age": "12",
            "sex": "Male",
            "errorMsg": ""
        }, {
            "personId": "229",
            "name": "Fred",
            "age": "34",
            "sex": "Male",
            "errorMsg": ""
        }, {
            "personId": "228",
            "name": "Fred",
            "age": "34",
            "sex": "Male",
            "errorMsg": ""
        }, {
            "personId": "110",
            "name": "Sally API",
            "age": "55",
            "sex": "Female",
            "errorMsg": ""
        }, {
            "personId": "227",
            "name": "sillysally",
            "age": "",
            "sex": "Female",
            "errorMsg": ""
        }, {
            "personId": "221",
            "name": "superman",
            "age": "123",
            "sex": "Male",
            "errorMsg": ""
        }, {
            "personId": "222",
            "name": "the arrow",
            "age": "23",
            "sex": "Male",
            "errorMsg": ""
        }, {
            "personId": "144",
            "name": "wonder woman",
            "age": "22",
            "sex": "Female",
            "errorMsg": ""
        }]
}