{
    "dbError": "",
    "recordList": [{
            "countryId": "1",
            "countryName": "Afghanistan",
            "flagAbbrev": "afgh",
            "flagURL": "http://jpgraph.net/download/manuals/chunkhtml/images/flag-afgh.png",
            "errorMsg": ""
        }, {
            "countryId": "2",
            "countryName": "Alderney",
            "flagAbbrev": "alde",
            "flagURL": "http://jpgraph.net/download/manuals/chunkhtml/images/flag-alde.png",
            "errorMsg": ""
        }, {
            "countryId": "3",
            "countryName": "Antarctica",
            "flagAbbrev": "anta",
            "flagURL": "http://jpgraph.net/download/manuals/chunkhtml/images/flag-anta.png",
            "errorMsg": ""
        }, {
            "countryId": "4",
            "countryName": "Arab Republic of Egypt",
            "flagAbbrev": "egyp",
            "flagURL": "http://jpgraph.net/download/manuals/chunkhtml/images/flag-egyp.png",
            "errorMsg": ""
        }, {
            "countryId": "5",
            "countryName": "Argentine Republic",
            "flagAbbrev": "arge",
            "flagURL": "http://jpgraph.net/download/manuals/chunkhtml/images/flag-arge.png",
            "errorMsg": ""
        }, {
            "countryId": "6",
            "countryName": "Aruba",
            "flagAbbrev": "arub",
            "flagURL": "http://jpgraph.net/download/manuals/chunkhtml/images/flag-arub.png",
            "errorMsg": ""
        }, {
            "countryId": "7",
            "countryName": "Autonomous Region of Tibet",
            "flagAbbrev": "tibe",
            "flagURL": "http://jpgraph.net/download/manuals/chunkhtml/images/flag-tibe.png",
            "errorMsg": ""
        }, {
            "countryId": "8",
            "countryName": "Azerbaijani Republic",
            "flagAbbrev": "azer",
            "flagURL": "http://jpgraph.net/download/manuals/chunkhtml/images/flag-azer.png",
            "errorMsg": ""
        }, {
            "countryId": "9",
            "countryName": "Bangladesh",
            "flagAbbrev": "bngl",
            "flagURL": "http://jpgraph.net/download/manuals/chunkhtml/images/flag-bngl.png",
            "errorMsg": ""
        }, {
            "countryId": "10",
            "countryName": "Barbados",
            "flagAbbrev": "brbd",
            "flagURL": "http://jpgraph.net/download/manuals/chunkhtml/images/flag-brbd.png",
            "errorMsg": ""
        }, {
            "countryId": "11",
            "countryName": "Belize",
            "flagAbbrev": "blze",
            "flagURL": "http://jpgraph.net/download/manuals/chunkhtml/images/flag-blze.png",
            "errorMsg": ""
        }, {
            "countryId": "12",
            "countryName": "Bolivarian Republic of Venezuela",
            "flagAbbrev": "venz",
            "flagURL": "http://jpgraph.net/download/manuals/chunkhtml/images/flag-venz.png",
            "errorMsg": ""
        }, {
            "countryId": "13",
            "countryName": "British Antarctic Territory",
            "flagAbbrev": "bant",
            "flagURL": "http://jpgraph.net/download/manuals/chunkhtml/images/flag-bant.png",
            "errorMsg": ""
        }, {
            "countryId": "14",
            "countryName": "British Indian Ocean Territory",
            "flagAbbrev": "brin",
            "flagURL": "http://jpgraph.net/download/manuals/chunkhtml/images/flag-brin.png",
            "errorMsg": ""
        }, {
            "countryId": "15",
            "countryName": "British Overseas Territory of Anguilla",
            "flagAbbrev": "angu",
            "flagURL": "http://jpgraph.net/download/manuals/chunkhtml/images/flag-angu.png",
            "errorMsg": ""
        }, {
            "countryId": "16",
            "countryName": "British Overseas Territory of Bermuda",
            "flagAbbrev": "berm",
            "flagURL": "http://jpgraph.net/download/manuals/chunkhtml/images/flag-berm.png",
            "errorMsg": ""
        }, {
            "countryId": "17",
            "countryName": "British Overseas Territory of Montserrat",
            "flagAbbrev": "mont",
            "flagURL": "http://jpgraph.net/download/manuals/chunkhtml/images/flag-mont.png",
            "errorMsg": ""
        }, {
            "countryId": "18",
            "countryName": "British Overseas Territory of the Cayman Islands",
            "flagAbbrev": "cyis",
            "flagURL": "http://jpgraph.net/download/manuals/chunkhtml/images/flag-cyis.png",
            "errorMsg": ""
        }, {
            "countryId": "19",
            "countryName": "British Overseas Territory of the Falkland Islands",
            "flagAbbrev": "fais",
            "flagURL": "http://jpgraph.net/download/manuals/chunkhtml/images/flag-fais.png",
            "errorMsg": ""
        }, {
            "countryId": "20",
            "countryName": "British Overseas Territory of the Pitcairn Islands",
            "flagAbbrev": "piis",
            "flagURL": "http://jpgraph.net/download/manuals/chunkhtml/images/flag-piis.png",
            "errorMsg": ""
        }, {
            "countryId": "21",
            "countryName": "Brunei Darussalam",
            "flagAbbrev": "brun",
            "flagURL": "http://jpgraph.net/download/manuals/chunkhtml/images/flag-brun.png",
            "errorMsg": ""
        }, {
            "countryId": "22",
            "countryName": "Caribbean Community",
            "flagAbbrev": "cari",
            "flagURL": "http://jpgraph.net/download/manuals/chunkhtml/images/flag-cari.png",
            "errorMsg": ""
        }, {
            "countryId": "23",
            "countryName": "Central African Republic",
            "flagAbbrev": "cafr",
            "flagURL": "http://jpgraph.net/download/manuals/chunkhtml/images/flag-cafr.png",
            "errorMsg": ""
        }, {
            "countryId": "24",
            "countryName": "Commonwealth",
            "flagAbbrev": "comn",
            "flagURL": "http://jpgraph.net/download/manuals/chunkhtml/images/flag-comn.png",
            "errorMsg": ""
        }, {
            "countryId": "25",
            "countryName": "Commonwealth of Australia",
            "flagAbbrev": "astl",
            "flagURL": "http://jpgraph.net/download/manuals/chunkhtml/images/flag-astl.png",
            "errorMsg": ""
        }, {
            "countryId": "26",
            "countryName": "Commonwealth of Dominica",
            "flagAbbrev": "domn",
            "flagURL": "http://jpgraph.net/download/manuals/chunkhtml/images/flag-domn.png",
            "errorMsg": ""
        }, {
            "countryId": "27",
            "countryName": "Commonwealth of Independent States",
            "flagAbbrev": "cins",
            "flagURL": "http://jpgraph.net/download/manuals/chunkhtml/images/flag-cins.png",
            "errorMsg": ""
        }, {
            "countryId": "28",
            "countryName": "Commonwealth of Puerto Rico",
            "flagAbbrev": "purc",
            "flagURL": "http://jpgraph.net/download/manuals/chunkhtml/images/flag-purc.png",
            "errorMsg": ""
        }, {
            "countryId": "29",
            "countryName": "Commonwealth of the Bahamas",
            "flagAbbrev": "bhms",
            "flagURL": "http://jpgraph.net/download/manuals/chunkhtml/images/flag-bhms.png",
            "errorMsg": ""
        }, {
            "countryId": "30",
            "countryName": "Commonwealth of the Northern Mariana Islands",
            "flagAbbrev": "nmar",
            "flagURL": "http://jpgraph.net/download/manuals/chunkhtml/images/flag-nmar.png",
            "errorMsg": ""
        }, {
            "countryId": "31",
            "countryName": "Cook Islands",
            "flagAbbrev": "ckis",
            "flagURL": "http://jpgraph.net/download/manuals/chunkhtml/images/flag-ckis.png",
            "errorMsg": ""
        }, {
            "countryId": "34",
            "countryName": "Democratic and Popular Republic of Algeria",
            "flagAbbrev": "alge",
            "flagURL": "http://jpgraph.net/download/manuals/chunkhtml/images/flag-alge.png",
            "errorMsg": ""
        }, {
            "countryId": "32",
            "countryName": "Democratic Republic of Congo",
            "flagAbbrev": "zare",
            "flagURL": "http://jpgraph.net/download/manuals/chunkhtml/images/flag-zare.png",
            "errorMsg": ""
        }, {
            "countryId": "33",
            "countryName": "Democratic Socialist Republic of Sri Lanka",
            "flagAbbrev": "srla",
            "flagURL": "http://jpgraph.net/download/manuals/chunkhtml/images/flag-srla.png",
            "errorMsg": ""
        }, {
            "countryId": "35",
            "countryName": "Dominican Republic",
            "flagAbbrev": "dore",
            "flagURL": "http://jpgraph.net/download/manuals/chunkhtml/images/flag-dore.png",
            "errorMsg": ""
        }, {
            "countryId": "36",
            "countryName": "Dominion of Canada",
            "flagAbbrev": "cana",
            "flagURL": "http://jpgraph.net/download/manuals/chunkhtml/images/flag-cana.png",
            "errorMsg": ""
        }, {
            "countryId": "37",
            "countryName": "England",
            "flagAbbrev": "engl",
            "flagURL": "http://jpgraph.net/download/manuals/chunkhtml/images/flag-engl.png",
            "errorMsg": ""
        }, {
            "countryId": "38",
            "countryName": "Ethiopia",
            "flagAbbrev": "ethp",
            "flagURL": "http://jpgraph.net/download/manuals/chunkhtml/images/flag-ethp.png",
            "errorMsg": ""
        }, {
            "countryId": "39",
            "countryName": "European Union",
            "flagAbbrev": "euun",
            "flagURL": "http://jpgraph.net/download/manuals/chunkhtml/images/flag-euun.png",
            "errorMsg": ""
        }, {
            "countryId": "40",
            "countryName": "Federal Republic of Germany",
            "flagAbbrev": "germ",
            "flagURL": "http://jpgraph.net/download/manuals/chunkhtml/images/flag-germ.png",
            "errorMsg": ""
        }, {
            "countryId": "41",
            "countryName": "Federal Republic of Nigeria",
            "flagAbbrev": "ngra",
            "flagURL": "http://jpgraph.net/download/manuals/chunkhtml/images/flag-ngra.png",
            "errorMsg": ""
        }, {
            "countryId": "42",
            "countryName": "Federated States of Micronesia",
            "flagAbbrev": "micr",
            "flagURL": "http://jpgraph.net/download/manuals/chunkhtml/images/flag-micr.png",
            "errorMsg": ""
        }, {
            "countryId": "43",
            "countryName": "Federation of Malaysia",
            "flagAbbrev": "mals",
            "flagURL": "http://jpgraph.net/download/manuals/chunkhtml/images/flag-mals.png",
            "errorMsg": ""
        }, {
            "countryId": "44",
            "countryName": "Federative Republic of Brazil",
            "flagAbbrev": "braz",
            "flagURL": "http://jpgraph.net/download/manuals/chunkhtml/images/flag-braz.png",
            "errorMsg": ""
        }, {
            "countryId": "45",
            "countryName": "French Republic",
            "flagAbbrev": "fran",
            "flagURL": "http://jpgraph.net/download/manuals/chunkhtml/images/flag-fran.png",
            "errorMsg": ""
        }, {
            "countryId": "46",
            "countryName": "Gabonese Republic",
            "flagAbbrev": "gabn",
            "flagURL": "http://jpgraph.net/download/manuals/chunkhtml/images/flag-gabn.png",
            "errorMsg": ""
        }, {
            "countryId": "47",
            "countryName": "Gibraltar",
            "flagAbbrev": "gibr",
            "flagURL": "http://jpgraph.net/download/manuals/chunkhtml/images/flag-gibr.png",
            "errorMsg": ""
        }, {
            "countryId": "48",
            "countryName": "Grand Duchy of Luxembourg",
            "flagAbbrev": "luxe",
            "flagURL": "http://jpgraph.net/download/manuals/chunkhtml/images/flag-luxe.png",
            "errorMsg": ""
        }, {
            "countryId": "49",
            "countryName": "Hashemite Kingdom of Jordan",
            "flagAbbrev": "jord",
            "flagURL": "http://jpgraph.net/download/manuals/chunkhtml/images/flag-jord.png",
            "errorMsg": ""
        }, {
            "countryId": "50",
            "countryName": "Hellenic Republic",
            "flagAbbrev": "grec",
            "flagURL": "http://jpgraph.net/download/manuals/chunkhtml/images/flag-grec.png",
            "errorMsg": ""
        }, {
            "countryId": "51",
            "countryName": "Hong Kong Special Administrative Region",
            "flagAbbrev": "hokn",
            "flagURL": "http://jpgraph.net/download/manuals/chunkhtml/images/flag-hokn.png",
            "errorMsg": ""
        }, {
            "countryId": "52",
            "countryName": "Independent State of Papua New Guinea",
            "flagAbbrev": "pang",
            "flagURL": "http://jpgraph.net/download/manuals/chunkhtml/images/flag-pang.png",
            "errorMsg": ""
        }, {
            "countryId": "53",
            "countryName": "International Committee of the Red Cross",
            "flagAbbrev": "icrc",
            "flagURL": "http://jpgraph.net/download/manuals/chunkhtml/images/flag-icrc.png",
            "errorMsg": ""
        }, {
            "countryId": "54",
            "countryName": "International Federation of Vexillological Associations",
            "flagAbbrev": "fiav",
            "flagURL": "http://jpgraph.net/download/manuals/chunkhtml/images/flag-fiav.png",
            "errorMsg": ""
        }, {
            "countryId": "55",
            "countryName": "International Olympic Committee",
            "flagAbbrev": "olym",
            "flagURL": "http://jpgraph.net/download/manuals/chunkhtml/images/flag-olym.png",
            "errorMsg": ""
        }, {
            "countryId": "56",
            "countryName": "Islamic Republic of Mauritania",
            "flagAbbrev": "maur",
            "flagURL": "http://jpgraph.net/download/manuals/chunkhtml/images/flag-maur.png",
            "errorMsg": ""
        }, {
            "countryId": "57",
            "countryName": "Islamic Republic of Pakistan",
            "flagAbbrev": "paks",
            "flagURL": "http://jpgraph.net/download/manuals/chunkhtml/images/flag-paks.png",
            "errorMsg": ""
        }, {
            "countryId": "58",
            "countryName": "Isle of Man",
            "flagAbbrev": "isma",
            "flagURL": "http://jpgraph.net/download/manuals/chunkhtml/images/flag-isma.png",
            "errorMsg": ""
        }, {
            "countryId": "59",
            "countryName": "Italian Republic",
            "flagAbbrev": "ital",
            "flagURL": "http://jpgraph.net/download/manuals/chunkhtml/images/flag-ital.png",
            "errorMsg": ""
        }, {
            "countryId": "60",
            "countryName": "Jamaica",
            "flagAbbrev": "jama",
            "flagURL": "http://jpgraph.net/download/manuals/chunkhtml/images/flag-jama.png",
            "errorMsg": ""
        }, {
            "countryId": "61",
            "countryName": "Japan",
            "flagAbbrev": "japa",
            "flagURL": "http://jpgraph.net/download/manuals/chunkhtml/images/flag-japa.png",
            "errorMsg": ""
        }, {
            "countryId": "62",
            "countryName": "Kingdom of Bahrain",
            "flagAbbrev": "bhrn",
            "flagURL": "http://jpgraph.net/download/manuals/chunkhtml/images/flag-bhrn.png",
            "errorMsg": ""
        }, {
            "countryId": "63",
            "countryName": "Kingdom of Belgium",
            "flagAbbrev": "belg",
            "flagURL": "http://jpgraph.net/download/manuals/chunkhtml/images/flag-belg.png",
            "errorMsg": ""
        }, {
            "countryId": "64",
            "countryName": "Kingdom of Cambodia",
            "flagAbbrev": "camb",
            "flagURL": "http://jpgraph.net/download/manuals/chunkhtml/images/flag-camb.png",
            "errorMsg": ""
        }, {
            "countryId": "65",
            "countryName": "Kingdom of Denmark",
            "flagAbbrev": "denm",
            "flagURL": "http://jpgraph.net/download/manuals/chunkhtml/images/flag-denm.png",
            "errorMsg": ""
        }, {
            "countryId": "66",
            "countryName": "Kingdom of Lesotho",
            "flagAbbrev": "lest",
            "flagURL": "http://jpgraph.net/download/manuals/chunkhtml/images/flag-lest.png",
            "errorMsg": ""
        }, {
            "countryId": "67",
            "countryName": "Kingdom of Morocco",
            "flagAbbrev": "morc",
            "flagURL": "http://jpgraph.net/download/manuals/chunkhtml/images/flag-morc.png",
            "errorMsg": ""
        }, {
            "countryId": "68",
            "countryName": "Kingdom of Nepal",
            "flagAbbrev": "nepa",
            "flagURL": "http://jpgraph.net/download/manuals/chunkhtml/images/flag-nepa.png",
            "errorMsg": ""
        }, {
            "countryId": "69",
            "countryName": "Kingdom of Norway",
            "flagAbbrev": "norw",
            "flagURL": "http://jpgraph.net/download/manuals/chunkhtml/images/flag-norw.png",
            "errorMsg": ""
        }, {
            "countryId": "70",
            "countryName": "Kingdom of Saudi Arabia",
            "flagAbbrev": "saar",
            "flagURL": "http://jpgraph.net/download/manuals/chunkhtml/images/flag-saar.png",
            "errorMsg": ""
        }, {
            "countryId": "71",
            "countryName": "Kingdom of Spain",
            "flagAbbrev": "span",
            "flagURL": "http://jpgraph.net/download/manuals/chunkhtml/images/flag-span.png",
            "errorMsg": ""
        }, {
            "countryId": "72",
            "countryName": "Kingdom of Swaziland",
            "flagAbbrev": "szld",
            "flagURL": "http://jpgraph.net/download/manuals/chunkhtml/images/flag-szld.png",
            "errorMsg": ""
        }, {
            "countryId": "73",
            "countryName": "Kingdom of Sweden",
            "flagAbbrev": "swdn",
            "flagURL": "http://jpgraph.net/download/manuals/chunkhtml/images/flag-swdn.png",
            "errorMsg": ""
        }, {
            "countryId": "74",
            "countryName": "Kingdom of Thailand",
            "flagAbbrev": "thal",
            "flagURL": "http://jpgraph.net/download/manuals/chunkhtml/images/flag-thal.png",
            "errorMsg": ""
        }, {
            "countryId": "76",
            "countryName": "Kingdom of the Netherlands",
            "flagAbbrev": "neth",
            "flagURL": "http://jpgraph.net/download/manuals/chunkhtml/images/flag-neth.png",
            "errorMsg": ""
        }, {
            "countryId": "75",
            "countryName": "Kingdom of Tonga",
            "flagAbbrev": "tong",
            "flagURL": "http://jpgraph.net/download/manuals/chunkhtml/images/flag-tong.png",
            "errorMsg": ""
        }, {
            "countryId": "77",
            "countryName": "Kyrgyz Republic",
            "flagAbbrev": "kyrg",
            "flagURL": "http://jpgraph.net/download/manuals/chunkhtml/images/flag-kyrg.png",
            "errorMsg": ""
        }, {
            "countryId": "78",
            "countryName": "League of Arab States",
            "flagAbbrev": "arle",
            "flagURL": "http://jpgraph.net/download/manuals/chunkhtml/images/flag-arle.png",
            "errorMsg": ""
        }, {
            "countryId": "79",
            "countryName": "Lebanese Republic",
            "flagAbbrev": "leba",
            "flagURL": "http://jpgraph.net/download/manuals/chunkhtml/images/flag-leba.png",
            "errorMsg": ""
        }, {
            "countryId": "80",
            "countryName": "Macao Special Administrative Region",
            "flagAbbrev": "maca",
            "flagURL": "http://jpgraph.net/download/manuals/chunkhtml/images/flag-maca.png",
            "errorMsg": ""
        }, {
            "countryId": "81",
            "countryName": "Midway Islands",
            "flagAbbrev": "miis",
            "flagURL": "http://jpgraph.net/download/manuals/chunkhtml/images/flag-miis.png",
            "errorMsg": ""
        }, {
            "countryId": "82",
            "countryName": "Netherlands Antilles",
            "flagAbbrev": "nean",
            "flagURL": "http://jpgraph.net/download/manuals/chunkhtml/images/flag-nean.png",
            "errorMsg": ""
        }, {
            "countryId": "83",
            "countryName": "New Zealand",
            "flagAbbrev": "nwze",
            "flagURL": "http://jpgraph.net/download/manuals/chunkhtml/images/flag-nwze.png",
            "errorMsg": ""
        }, {
            "countryId": "84",
            "countryName": "Niue",
            "flagAbbrev": "niue",
            "flagURL": "http://jpgraph.net/download/manuals/chunkhtml/images/flag-niue.png",
            "errorMsg": ""
        }, {
            "countryId": "85",
            "countryName": "Nordic Council",
            "flagAbbrev": "nord",
            "flagURL": "http://jpgraph.net/download/manuals/chunkhtml/images/flag-nord.png",
            "errorMsg": ""
        }, {
            "countryId": "86",
            "countryName": "Nordic Sami Conference",
            "flagAbbrev": "sami",
            "flagURL": "http://jpgraph.net/download/manuals/chunkhtml/images/flag-sami.png",
            "errorMsg": ""
        }, {
            "countryId": "87",
            "countryName": "North Atlantic Treaty Organization",
            "flagAbbrev": "nato",
            "flagURL": "http://jpgraph.net/download/manuals/chunkhtml/images/flag-nato.png",
            "errorMsg": ""
        }, {
            "countryId": "88",
            "countryName": "Organization of African Unity",
            "flagAbbrev": "oaun",
            "flagURL": "http://jpgraph.net/download/manuals/chunkhtml/images/flag-oaun.png",
            "errorMsg": ""
        }, {
            "countryId": "89",
            "countryName": "Organization of American States",
            "flagAbbrev": "oast",
            "flagURL": "http://jpgraph.net/download/manuals/chunkhtml/images/flag-oast.png",
            "errorMsg": ""
        }, {
            "countryId": "90",
            "countryName": "Organization of the Islamic Conference",
            "flagAbbrev": "isco",
            "flagURL": "http://jpgraph.net/download/manuals/chunkhtml/images/flag-isco.png",
            "errorMsg": ""
        }, {
            "countryId": "91",
            "countryName": "Oriental Republic of Uruguay",
            "flagAbbrev": "urgy",
            "flagURL": "http://jpgraph.net/download/manuals/chunkhtml/images/flag-urgy.png",
            "errorMsg": ""
        }, {
            "countryId": "92",
            "countryName": "Overseas Department of French Guiana",
            "flagAbbrev": "frgu",
            "flagURL": "http://jpgraph.net/download/manuals/chunkhtml/images/flag-frgu.png",
            "errorMsg": ""
        }, {
            "countryId": "93",
            "countryName": "Overseas Department of Guadeloupe",
            "flagAbbrev": "guad",
            "flagURL": "http://jpgraph.net/download/manuals/chunkhtml/images/flag-guad.png",
            "errorMsg": ""
        }, {
            "countryId": "94",
            "countryName": "Overseas Department of Martinique",
            "flagAbbrev": "mart",
            "flagURL": "http://jpgraph.net/download/manuals/chunkhtml/images/flag-mart.png",
            "errorMsg": ""
        }, {
            "countryId": "95",
            "countryName": "Overseas Territory of the British Virgin Islands",
            "flagAbbrev": "bvis",
            "flagURL": "http://jpgraph.net/download/manuals/chunkhtml/images/flag-bvis.png",
            "errorMsg": ""
        }, {
            "countryId": "96",
            "countryName": "Peoples Republic of China",
            "flagAbbrev": "chin",
            "flagURL": "http://jpgraph.net/download/manuals/chunkhtml/images/flag-chin.png",
            "errorMsg": ""
        }, {
            "countryId": "97",
            "countryName": "Principality of Andorra",
            "flagAbbrev": "andr",
            "flagURL": "http://jpgraph.net/download/manuals/chunkhtml/images/flag-andr.png",
            "errorMsg": ""
        }, {
            "countryId": "98",
            "countryName": "Principality of Liechtenstein",
            "flagAbbrev": "liec",
            "flagURL": "http://jpgraph.net/download/manuals/chunkhtml/images/flag-liec.png",
            "errorMsg": ""
        }, {
            "countryId": "99",
            "countryName": "Principality of Monaco",
            "flagAbbrev": "mona",
            "flagURL": "http://jpgraph.net/download/manuals/chunkhtml/images/flag-mona.png",
            "errorMsg": ""
        }, {
            "countryId": "100",
            "countryName": "Principality of Seborga",
            "flagAbbrev": "sebo",
            "flagURL": "http://jpgraph.net/download/manuals/chunkhtml/images/flag-sebo.png",
            "errorMsg": ""
        }, {
            "countryId": "101",
            "countryName": "Province of Northern Ireland",
            "flagAbbrev": "noir",
            "flagURL": "http://jpgraph.net/download/manuals/chunkhtml/images/flag-noir.png",
            "errorMsg": ""
        }, {
            "countryId": "102",
            "countryName": "Republic of Albania",
            "flagAbbrev": "alba",
            "flagURL": "http://jpgraph.net/download/manuals/chunkhtml/images/flag-alba.png",
            "errorMsg": ""
        }, {
            "countryId": "103",
            "countryName": "Republic of Angola",
            "flagAbbrev": "agla",
            "flagURL": "http://jpgraph.net/download/manuals/chunkhtml/images/flag-agla.png",
            "errorMsg": ""
        }, {
            "countryId": "104",
            "countryName": "Republic of Armenia",
            "flagAbbrev": "arme",
            "flagURL": "http://jpgraph.net/download/manuals/chunkhtml/images/flag-arme.png",
            "errorMsg": ""
        }, {
            "countryId": "105",
            "countryName": "Republic of Austria",
            "flagAbbrev": "aust",
            "flagURL": "http://jpgraph.net/download/manuals/chunkhtml/images/flag-aust.png",
            "errorMsg": ""
        }, {
            "countryId": "106",
            "countryName": "Republic of Belarus",
            "flagAbbrev": "blru",
            "flagURL": "http://jpgraph.net/download/manuals/chunkhtml/images/flag-blru.png",
            "errorMsg": ""
        }, {
            "countryId": "107",
            "countryName": "Republic of Benin",
            "flagAbbrev": "bnin",
            "flagURL": "http://jpgraph.net/download/manuals/chunkhtml/images/flag-bnin.png",
            "errorMsg": ""
        }, {
            "countryId": "108",
            "countryName": "Republic of Bolivia",
            "flagAbbrev": "blva",
            "flagURL": "http://jpgraph.net/download/manuals/chunkhtml/images/flag-blva.png",
            "errorMsg": ""
        }, {
            "countryId": "109",
            "countryName": "Republic of Botswana",
            "flagAbbrev": "bots",
            "flagURL": "http://jpgraph.net/download/manuals/chunkhtml/images/flag-bots.png",
            "errorMsg": ""
        }, {
            "countryId": "110",
            "countryName": "Republic of Bulgaria",
            "flagAbbrev": "bulg",
            "flagURL": "http://jpgraph.net/download/manuals/chunkhtml/images/flag-bulg.png",
            "errorMsg": ""
        }, {
            "countryId": "111",
            "countryName": "Republic of Burkina",
            "flagAbbrev": "bufa",
            "flagURL": "http://jpgraph.net/download/manuals/chunkhtml/images/flag-bufa.png",
            "errorMsg": ""
        }, {
            "countryId": "112",
            "countryName": "Republic of Burundi",
            "flagAbbrev": "buru",
            "flagURL": "http://jpgraph.net/download/manuals/chunkhtml/images/flag-buru.png",
            "errorMsg": ""
        }, {
            "countryId": "113",
            "countryName": "Republic of Cameroon",
            "flagAbbrev": "came",
            "flagURL": "http://jpgraph.net/download/manuals/chunkhtml/images/flag-came.png",
            "errorMsg": ""
        }, {
            "countryId": "114",
            "countryName": "Republic of Cape Verde",
            "flagAbbrev": "cave",
            "flagURL": "http://jpgraph.net/download/manuals/chunkhtml/images/flag-cave.png",
            "errorMsg": ""
        }, {
            "countryId": "115",
            "countryName": "Republic of Chad",
            "flagAbbrev": "chad",
            "flagURL": "http://jpgraph.net/download/manuals/chunkhtml/images/flag-chad.png",
            "errorMsg": ""
        }, {
            "countryId": "116",
            "countryName": "Republic of Chile",
            "flagAbbrev": "chil",
            "flagURL": "http://jpgraph.net/download/manuals/chunkhtml/images/flag-chil.png",
            "errorMsg": ""
        }, {
            "countryId": "117",
            "countryName": "Republic of China",
            "flagAbbrev": "taiw",
            "flagURL": "http://jpgraph.net/download/manuals/chunkhtml/images/flag-taiw.png",
            "errorMsg": ""
        }, {
            "countryId": "118",
            "countryName": "Republic of Colombia",
            "flagAbbrev": "clmb",
            "flagURL": "http://jpgraph.net/download/manuals/chunkhtml/images/flag-clmb.png",
            "errorMsg": ""
        }, {
            "countryId": "119",
            "countryName": "Republic of Costa Rica",
            "flagAbbrev": "corc",
            "flagURL": "http://jpgraph.net/download/manuals/chunkhtml/images/flag-corc.png",
            "errorMsg": ""
        }, {
            "countryId": "120",
            "countryName": "Republic of Croatia",
            "flagAbbrev": "croa",
            "flagURL": "http://jpgraph.net/download/manuals/chunkhtml/images/flag-croa.png",
            "errorMsg": ""
        }, {
            "countryId": "121",
            "countryName": "Republic of Cuba",
            "flagAbbrev": "cuba",
            "flagURL": "http://jpgraph.net/download/manuals/chunkhtml/images/flag-cuba.png",
            "errorMsg": ""
        }, {
            "countryId": "122",
            "countryName": "Republic of Cyprus",
            "flagAbbrev": "cypr",
            "flagURL": "http://jpgraph.net/download/manuals/chunkhtml/images/flag-cypr.png",
            "errorMsg": ""
        }, {
            "countryId": "123",
            "countryName": "Republic of Djibouti",
            "flagAbbrev": "djib",
            "flagURL": "http://jpgraph.net/download/manuals/chunkhtml/images/flag-djib.png",
            "errorMsg": ""
        }, {
            "countryId": "124",
            "countryName": "Republic of Ecuador",
            "flagAbbrev": "ecua",
            "flagURL": "http://jpgraph.net/download/manuals/chunkhtml/images/flag-ecua.png",
            "errorMsg": ""
        }, {
            "countryId": "125",
            "countryName": "Republic of El Salvador",
            "flagAbbrev": "elsa",
            "flagURL": "http://jpgraph.net/download/manuals/chunkhtml/images/flag-elsa.png",
            "errorMsg": ""
        }, {
            "countryId": "126",
            "countryName": "Republic of Equatorial Guinea",
            "flagAbbrev": "eqgu",
            "flagURL": "http://jpgraph.net/download/manuals/chunkhtml/images/flag-eqgu.png",
            "errorMsg": ""
        }, {
            "countryId": "127",
            "countryName": "Republic of Estonia",
            "flagAbbrev": "estn",
            "flagURL": "http://jpgraph.net/download/manuals/chunkhtml/images/flag-estn.png",
            "errorMsg": ""
        }, {
            "countryId": "128",
            "countryName": "Republic of Fiji",
            "flagAbbrev": "fiji",
            "flagURL": "http://jpgraph.net/download/manuals/chunkhtml/images/flag-fiji.png",
            "errorMsg": ""
        }, {
            "countryId": "129",
            "countryName": "Republic of Finland",
            "flagAbbrev": "finl",
            "flagURL": "http://jpgraph.net/download/manuals/chunkhtml/images/flag-finl.png",
            "errorMsg": ""
        }, {
            "countryId": "130",
            "countryName": "Republic of Georgia",
            "flagAbbrev": "geor",
            "flagURL": "http://jpgraph.net/download/manuals/chunkhtml/images/flag-geor.png",
            "errorMsg": ""
        }, {
            "countryId": "131",
            "countryName": "Republic of Ghana",
            "flagAbbrev": "ghan",
            "flagURL": "http://jpgraph.net/download/manuals/chunkhtml/images/flag-ghan.png",
            "errorMsg": ""
        }, {
            "countryId": "132",
            "countryName": "Republic of Guatemala",
            "flagAbbrev": "guat",
            "flagURL": "http://jpgraph.net/download/manuals/chunkhtml/images/flag-guat.png",
            "errorMsg": ""
        }, {
            "countryId": "133",
            "countryName": "Republic of Guinea",
            "flagAbbrev": "guin",
            "flagURL": "http://jpgraph.net/download/manuals/chunkhtml/images/flag-guin.png",
            "errorMsg": ""
        }, {
            "countryId": "134",
            "countryName": "Republic of Haiti",
            "flagAbbrev": "hait",
            "flagURL": "http://jpgraph.net/download/manuals/chunkhtml/images/flag-hait.png",
            "errorMsg": ""
        }, {
            "countryId": "135",
            "countryName": "Republic of Honduras",
            "flagAbbrev": "hond",
            "flagURL": "http://jpgraph.net/download/manuals/chunkhtml/images/flag-hond.png",
            "errorMsg": ""
        }, {
            "countryId": "136",
            "countryName": "Republic of Hungary",
            "flagAbbrev": "hung",
            "flagURL": "http://jpgraph.net/download/manuals/chunkhtml/images/flag-hung.png",
            "errorMsg": ""
        }, {
            "countryId": "137",
            "countryName": "Republic of Iceland",
            "flagAbbrev": "icel",
            "flagURL": "http://jpgraph.net/download/manuals/chunkhtml/images/flag-icel.png",
            "errorMsg": ""
        }, {
            "countryId": "138",
            "countryName": "Republic of India",
            "flagAbbrev": "inda",
            "flagURL": "http://jpgraph.net/download/manuals/chunkhtml/images/flag-inda.png",
            "errorMsg": ""
        }, {
            "countryId": "139",
            "countryName": "Republic of Indonesia",
            "flagAbbrev": "indn",
            "flagURL": "http://jpgraph.net/download/manuals/chunkhtml/images/flag-indn.png",
            "errorMsg": ""
        }, {
            "countryId": "140",
            "countryName": "Republic of Iraq",
            "flagAbbrev": "iraq",
            "flagURL": "http://jpgraph.net/download/manuals/chunkhtml/images/flag-iraq.png",
            "errorMsg": ""
        }, {
            "countryId": "141",
            "countryName": "Republic of Ireland",
            "flagAbbrev": "irel",
            "flagURL": "http://jpgraph.net/download/manuals/chunkhtml/images/flag-irel.png",
            "errorMsg": ""
        }, {
            "countryId": "142",
            "countryName": "Republic of Kazakhstan",
            "flagAbbrev": "kazk",
            "flagURL": "http://jpgraph.net/download/manuals/chunkhtml/images/flag-kazk.png",
            "errorMsg": ""
        }, {
            "countryId": "143",
            "countryName": "Republic of Kenya",
            "flagAbbrev": "keny",
            "flagURL": "http://jpgraph.net/download/manuals/chunkhtml/images/flag-keny.png",
            "errorMsg": ""
        }, {
            "countryId": "144",
            "countryName": "Republic of Kiribati",
            "flagAbbrev": "kirb",
            "flagURL": "http://jpgraph.net/download/manuals/chunkhtml/images/flag-kirb.png",
            "errorMsg": ""
        }, {
            "countryId": "145",
            "countryName": "Republic of Korea",
            "flagAbbrev": "skor",
            "flagURL": "http://jpgraph.net/download/manuals/chunkhtml/images/flag-skor.png",
            "errorMsg": ""
        }, {
            "countryId": "146",
            "countryName": "Republic of Latvia",
            "flagAbbrev": "latv",
            "flagURL": "http://jpgraph.net/download/manuals/chunkhtml/images/flag-latv.png",
            "errorMsg": ""
        }, {
            "countryId": "147",
            "countryName": "Republic of Liberia",
            "flagAbbrev": "libe",
            "flagURL": "http://jpgraph.net/download/manuals/chunkhtml/images/flag-libe.png",
            "errorMsg": ""
        }, {
            "countryId": "148",
            "countryName": "Republic of Lithuania",
            "flagAbbrev": "lith",
            "flagURL": "http://jpgraph.net/download/manuals/chunkhtml/images/flag-lith.png",
            "errorMsg": ""
        }, {
            "countryId": "149",
            "countryName": "Republic of Macedonia",
            "flagAbbrev": "mace",
            "flagURL": "http://jpgraph.net/download/manuals/chunkhtml/images/flag-mace.png",
            "errorMsg": ""
        }, {
            "countryId": "150",
            "countryName": "Republic of Madagascar",
            "flagAbbrev": "mada",
            "flagURL": "http://jpgraph.net/download/manuals/chunkhtml/images/flag-mada.png",
            "errorMsg": ""
        }, {
            "countryId": "151",
            "countryName": "Republic of Malawi",
            "flagAbbrev": "malw",
            "flagURL": "http://jpgraph.net/download/manuals/chunkhtml/images/flag-malw.png",
            "errorMsg": ""
        }, {
            "countryId": "152",
            "countryName": "Republic of Mali",
            "flagAbbrev": "mali",
            "flagURL": "http://jpgraph.net/download/manuals/chunkhtml/images/flag-mali.png",
            "errorMsg": ""
        }, {
            "countryId": "153",
            "countryName": "Republic of Malta",
            "flagAbbrev": "malt",
            "flagURL": "http://jpgraph.net/download/manuals/chunkhtml/images/flag-malt.png",
            "errorMsg": ""
        }, {
            "countryId": "154",
            "countryName": "Republic of Mauritius",
            "flagAbbrev": "mrts",
            "flagURL": "http://jpgraph.net/download/manuals/chunkhtml/images/flag-mrts.png",
            "errorMsg": ""
        }, {
            "countryId": "155",
            "countryName": "Republic of Moldova",
            "flagAbbrev": "mold",
            "flagURL": "http://jpgraph.net/download/manuals/chunkhtml/images/flag-mold.png",
            "errorMsg": ""
        }, {
            "countryId": "156",
            "countryName": "Republic of Mongolia",
            "flagAbbrev": "mong",
            "flagURL": "http://jpgraph.net/download/manuals/chunkhtml/images/flag-mong.png",
            "errorMsg": ""
        }, {
            "countryId": "157",
            "countryName": "Republic of Mozambique",
            "flagAbbrev": "moza",
            "flagURL": "http://jpgraph.net/download/manuals/chunkhtml/images/flag-moza.png",
            "errorMsg": ""
        }, {
            "countryId": "158",
            "countryName": "Republic of Namibia",
            "flagAbbrev": "namb",
            "flagURL": "http://jpgraph.net/download/manuals/chunkhtml/images/flag-namb.png",
            "errorMsg": ""
        }, {
            "countryId": "159",
            "countryName": "Republic of Nauru",
            "flagAbbrev": "naur",
            "flagURL": "http://jpgraph.net/download/manuals/chunkhtml/images/flag-naur.png",
            "errorMsg": ""
        }, {
            "countryId": "160",
            "countryName": "Republic of Nicaragua",
            "flagAbbrev": "nica",
            "flagURL": "http://jpgraph.net/download/manuals/chunkhtml/images/flag-nica.png",
            "errorMsg": ""
        }, {
            "countryId": "161",
            "countryName": "Republic of Niger",
            "flagAbbrev": "nigr",
            "flagURL": "http://jpgraph.net/download/manuals/chunkhtml/images/flag-nigr.png",
            "errorMsg": ""
        }, {
            "countryId": "162",
            "countryName": "Republic of Palau",
            "flagAbbrev": "pala",
            "flagURL": "http://jpgraph.net/download/manuals/chunkhtml/images/flag-pala.png",
            "errorMsg": ""
        }, {
            "countryId": "163",
            "countryName": "Republic of Paraguay",
            "flagAbbrev": "para",
            "flagURL": "http://jpgraph.net/download/manuals/chunkhtml/images/flag-para.png",
            "errorMsg": ""
        }, {
            "countryId": "164",
            "countryName": "Republic of Peru",
            "flagAbbrev": "peru",
            "flagURL": "http://jpgraph.net/download/manuals/chunkhtml/images/flag-peru.png",
            "errorMsg": ""
        }, {
            "countryId": "165",
            "countryName": "Republic of Poland",
            "flagAbbrev": "pola",
            "flagURL": "http://jpgraph.net/download/manuals/chunkhtml/images/flag-pola.png",
            "errorMsg": ""
        }, {
            "countryId": "166",
            "countryName": "Republic of Portugal",
            "flagAbbrev": "port",
            "flagURL": "http://jpgraph.net/download/manuals/chunkhtml/images/flag-port.png",
            "errorMsg": ""
        }, {
            "countryId": "167",
            "countryName": "Republic of Rwanda",
            "flagAbbrev": "rwan",
            "flagURL": "http://jpgraph.net/download/manuals/chunkhtml/images/flag-rwan.png",
            "errorMsg": ""
        }, {
            "countryId": "168",
            "countryName": "Republic of San Marino",
            "flagAbbrev": "sama",
            "flagURL": "http://jpgraph.net/download/manuals/chunkhtml/images/flag-sama.png",
            "errorMsg": ""
        }, {
            "countryId": "169",
            "countryName": "Republic of Serbia",
            "flagAbbrev": "serb",
            "flagURL": "http://jpgraph.net/download/manuals/chunkhtml/images/flag-serb.png",
            "errorMsg": ""
        }, {
            "countryId": "170",
            "countryName": "Republic of Sierra Leone",
            "flagAbbrev": "sile",
            "flagURL": "http://jpgraph.net/download/manuals/chunkhtml/images/flag-sile.png",
            "errorMsg": ""
        }, {
            "countryId": "171",
            "countryName": "Republic of Singapore",
            "flagAbbrev": "sing",
            "flagURL": "http://jpgraph.net/download/manuals/chunkhtml/images/flag-sing.png",
            "errorMsg": ""
        }, {
            "countryId": "172",
            "countryName": "Republic of Slovenia",
            "flagAbbrev": "slva",
            "flagURL": "http://jpgraph.net/download/manuals/chunkhtml/images/flag-slva.png",
            "errorMsg": ""
        }, {
            "countryId": "173",
            "countryName": "Republic of Somaliland",
            "flagAbbrev": "smld",
            "flagURL": "http://jpgraph.net/download/manuals/chunkhtml/images/flag-smld.png",
            "errorMsg": ""
        }, {
            "countryId": "174",
            "countryName": "Republic of South Africa",
            "flagAbbrev": "soaf",
            "flagURL": "http://jpgraph.net/download/manuals/chunkhtml/images/flag-soaf.png",
            "errorMsg": ""
        }, {
            "countryId": "175",
            "countryName": "Republic of Suriname",
            "flagAbbrev": "surn",
            "flagURL": "http://jpgraph.net/download/manuals/chunkhtml/images/flag-surn.png",
            "errorMsg": ""
        }, {
            "countryId": "176",
            "countryName": "Republic of Tajikistan",
            "flagAbbrev": "tajk",
            "flagURL": "http://jpgraph.net/download/manuals/chunkhtml/images/flag-tajk.png",
            "errorMsg": ""
        }, {
            "countryId": "184",
            "countryName": "Republic of the Congo",
            "flagAbbrev": "cong",
            "flagURL": "http://jpgraph.net/download/manuals/chunkhtml/images/flag-cong.png",
            "errorMsg": ""
        }, {
            "countryId": "185",
            "countryName": "Republic of the Gambia",
            "flagAbbrev": "gamb",
            "flagURL": "http://jpgraph.net/download/manuals/chunkhtml/images/flag-gamb.png",
            "errorMsg": ""
        }, {
            "countryId": "186",
            "countryName": "Republic of the Marshall Islands",
            "flagAbbrev": "mais",
            "flagURL": "http://jpgraph.net/download/manuals/chunkhtml/images/flag-mais.png",
            "errorMsg": ""
        }, {
            "countryId": "187",
            "countryName": "Republic of the Philippines",
            "flagAbbrev": "phil",
            "flagURL": "http://jpgraph.net/download/manuals/chunkhtml/images/flag-phil.png",
            "errorMsg": ""
        }, {
            "countryId": "188",
            "countryName": "Republic of the Sudan",
            "flagAbbrev": "suda",
            "flagURL": "http://jpgraph.net/download/manuals/chunkhtml/images/flag-suda.png",
            "errorMsg": ""
        }, {
            "countryId": "177",
            "countryName": "Republic of Tunisia",
            "flagAbbrev": "tuns",
            "flagURL": "http://jpgraph.net/download/manuals/chunkhtml/images/flag-tuns.png",
            "errorMsg": ""
        }, {
            "countryId": "178",
            "countryName": "Republic of Turkey",
            "flagAbbrev": "turk",
            "flagURL": "http://jpgraph.net/download/manuals/chunkhtml/images/flag-turk.png",
            "errorMsg": ""
        }, {
            "countryId": "179",
            "countryName": "Republic of Uganda",
            "flagAbbrev": "ugan",
            "flagURL": "http://jpgraph.net/download/manuals/chunkhtml/images/flag-ugan.png",
            "errorMsg": ""
        }, {
            "countryId": "180",
            "countryName": "Republic of Uzbekistan",
            "flagAbbrev": "uzbk",
            "flagURL": "http://jpgraph.net/download/manuals/chunkhtml/images/flag-uzbk.png",
            "errorMsg": ""
        }, {
            "countryId": "181",
            "countryName": "Republic of Vanuatu",
            "flagAbbrev": "vant",
            "flagURL": "http://jpgraph.net/download/manuals/chunkhtml/images/flag-vant.png",
            "errorMsg": ""
        }, {
            "countryId": "182",
            "countryName": "Republic of Yemen",
            "flagAbbrev": "yemn",
            "flagURL": "http://jpgraph.net/download/manuals/chunkhtml/images/flag-yemn.png",
            "errorMsg": ""
        }, {
            "countryId": "183",
            "countryName": "Republic of Zimbabwe",
            "flagAbbrev": "zbwe",
            "flagURL": "http://jpgraph.net/download/manuals/chunkhtml/images/flag-zbwe.png",
            "errorMsg": ""
        }, {
            "countryId": "189",
            "countryName": "Romania",
            "flagAbbrev": "rmna",
            "flagURL": "http://jpgraph.net/download/manuals/chunkhtml/images/flag-rmna.png",
            "errorMsg": ""
        }, {
            "countryId": "190",
            "countryName": "Russian Federation",
            "flagAbbrev": "russ",
            "flagURL": "http://jpgraph.net/download/manuals/chunkhtml/images/flag-russ.png",
            "errorMsg": ""
        }, {
            "countryId": "191",
            "countryName": "Saint Lucia",
            "flagAbbrev": "stlu",
            "flagURL": "http://jpgraph.net/download/manuals/chunkhtml/images/flag-stlu.png",
            "errorMsg": ""
        }, {
            "countryId": "192",
            "countryName": "Sark",
            "flagAbbrev": "sark",
            "flagURL": "http://jpgraph.net/download/manuals/chunkhtml/images/flag-sark.png",
            "errorMsg": ""
        }, {
            "countryId": "193",
            "countryName": "Scotland",
            "flagAbbrev": "scot",
            "flagURL": "http://jpgraph.net/download/manuals/chunkhtml/images/flag-scot.png",
            "errorMsg": ""
        }, {
            "countryId": "194",
            "countryName": "Secretariat of the Pacific Community",
            "flagAbbrev": "spco",
            "flagURL": "http://jpgraph.net/download/manuals/chunkhtml/images/flag-spco.png",
            "errorMsg": ""
        }, {
            "countryId": "195",
            "countryName": "Slovak Republic",
            "flagAbbrev": "svka",
            "flagURL": "http://jpgraph.net/download/manuals/chunkhtml/images/flag-svka.png",
            "errorMsg": ""
        }, {
            "countryId": "196",
            "countryName": "Solomon Islands",
            "flagAbbrev": "sois",
            "flagURL": "http://jpgraph.net/download/manuals/chunkhtml/images/flag-sois.png",
            "errorMsg": ""
        }, {
            "countryId": "197",
            "countryName": "Somali Republic",
            "flagAbbrev": "smla",
            "flagURL": "http://jpgraph.net/download/manuals/chunkhtml/images/flag-smla.png",
            "errorMsg": ""
        }, {
            "countryId": "198",
            "countryName": "State of Eritrea",
            "flagAbbrev": "erit",
            "flagURL": "http://jpgraph.net/download/manuals/chunkhtml/images/flag-erit.png",
            "errorMsg": ""
        }, {
            "countryId": "199",
            "countryName": "State of Grenada",
            "flagAbbrev": "gren",
            "flagURL": "http://jpgraph.net/download/manuals/chunkhtml/images/flag-gren.png",
            "errorMsg": ""
        }, {
            "countryId": "200",
            "countryName": "State of Israel",
            "flagAbbrev": "isra",
            "flagURL": "http://jpgraph.net/download/manuals/chunkhtml/images/flag-isra.png",
            "errorMsg": ""
        }, {
            "countryId": "201",
            "countryName": "State of Kuwait",
            "flagAbbrev": "kuwa",
            "flagURL": "http://jpgraph.net/download/manuals/chunkhtml/images/flag-kuwa.png",
            "errorMsg": ""
        }, {
            "countryId": "202",
            "countryName": "State of Qatar",
            "flagAbbrev": "qata",
            "flagURL": "http://jpgraph.net/download/manuals/chunkhtml/images/flag-qata.png",
            "errorMsg": ""
        }, {
            "countryId": "203",
            "countryName": "State of the Vatican City",
            "flagAbbrev": "vacy",
            "flagURL": "http://jpgraph.net/download/manuals/chunkhtml/images/flag-vacy.png",
            "errorMsg": ""
        }, {
            "countryId": "204",
            "countryName": "Sultanate of Oman",
            "flagAbbrev": "oman",
            "flagURL": "http://jpgraph.net/download/manuals/chunkhtml/images/flag-oman.png",
            "errorMsg": ""
        }, {
            "countryId": "205",
            "countryName": "Swiss Confederation",
            "flagAbbrev": "swit",
            "flagURL": "http://jpgraph.net/download/manuals/chunkhtml/images/flag-swit.png",
            "errorMsg": ""
        }, {
            "countryId": "206",
            "countryName": "Syrian Arab Republic",
            "flagAbbrev": "syra",
            "flagURL": "http://jpgraph.net/download/manuals/chunkhtml/images/flag-syra.png",
            "errorMsg": ""
        }, {
            "countryId": "207",
            "countryName": "Taiwan",
            "flagAbbrev": "taiw",
            "flagURL": "http://jpgraph.net/download/manuals/chunkhtml/images/flag-taiw.png",
            "errorMsg": ""
        }, {
            "countryId": "208",
            "countryName": "Territorial Collectivity of Mayotte",
            "flagAbbrev": "mayt",
            "flagURL": "http://jpgraph.net/download/manuals/chunkhtml/images/flag-mayt.png",
            "errorMsg": ""
        }, {
            "countryId": "209",
            "countryName": "Territory of American Samoa",
            "flagAbbrev": "amsa",
            "flagURL": "http://jpgraph.net/download/manuals/chunkhtml/images/flag-amsa.png",
            "errorMsg": ""
        }, {
            "countryId": "210",
            "countryName": "Territory of Christmas Island",
            "flagAbbrev": "chms",
            "flagURL": "http://jpgraph.net/download/manuals/chunkhtml/images/flag-chms.png",
            "errorMsg": ""
        }, {
            "countryId": "211",
            "countryName": "Territory of Cocos Islands",
            "flagAbbrev": "cois",
            "flagURL": "http://jpgraph.net/download/manuals/chunkhtml/images/flag-cois.png",
            "errorMsg": ""
        }, {
            "countryId": "212",
            "countryName": "Territory of French Polynesia",
            "flagAbbrev": "fpol",
            "flagURL": "http://jpgraph.net/download/manuals/chunkhtml/images/flag-fpol.png",
            "errorMsg": ""
        }, {
            "countryId": "213",
            "countryName": "Territory of Guam",
            "flagAbbrev": "guam",
            "flagURL": "http://jpgraph.net/download/manuals/chunkhtml/images/flag-guam.png",
            "errorMsg": ""
        }, {
            "countryId": "214",
            "countryName": "Territory of New Caledonia and Dependencies",
            "flagAbbrev": "nwca",
            "flagURL": "http://jpgraph.net/download/manuals/chunkhtml/images/flag-nwca.png",
            "errorMsg": ""
        }, {
            "countryId": "215",
            "countryName": "Territory of Norfolk Island",
            "flagAbbrev": "nfis",
            "flagURL": "http://jpgraph.net/download/manuals/chunkhtml/images/flag-nfis.png",
            "errorMsg": ""
        }, {
            "countryId": "216",
            "countryName": "The Bailiwick of Guernsey",
            "flagAbbrev": "guer",
            "flagURL": "http://jpgraph.net/download/manuals/chunkhtml/images/flag-guer.png",
            "errorMsg": ""
        }, {
            "countryId": "217",
            "countryName": "The Bailiwick of Jersey",
            "flagAbbrev": "jers",
            "flagURL": "http://jpgraph.net/download/manuals/chunkhtml/images/flag-jers.png",
            "errorMsg": ""
        }, {
            "countryId": "218",
            "countryName": "The Czech Republic",
            "flagAbbrev": "czec",
            "flagURL": "http://jpgraph.net/download/manuals/chunkhtml/images/flag-czec.png",
            "errorMsg": ""
        }, {
            "countryId": "219",
            "countryName": "Togolese Republic",
            "flagAbbrev": "togo",
            "flagURL": "http://jpgraph.net/download/manuals/chunkhtml/images/flag-togo.png",
            "errorMsg": ""
        }, {
            "countryId": "220",
            "countryName": "Tokelau",
            "flagAbbrev": "toke",
            "flagURL": "http://jpgraph.net/download/manuals/chunkhtml/images/flag-toke.png",
            "errorMsg": ""
        }, {
            "countryId": "221",
            "countryName": "Tristan da Cunha",
            "flagAbbrev": "trdc",
            "flagURL": "http://jpgraph.net/download/manuals/chunkhtml/images/flag-trdc.png",
            "errorMsg": ""
        }, {
            "countryId": "222",
            "countryName": "Tromelin",
            "flagAbbrev": "tris",
            "flagURL": "http://jpgraph.net/download/manuals/chunkhtml/images/flag-tris.png",
            "errorMsg": ""
        }, {
            "countryId": "223",
            "countryName": "Turkish Republic of Northern Cyprus",
            "flagAbbrev": "ncyp",
            "flagURL": "http://jpgraph.net/download/manuals/chunkhtml/images/flag-ncyp.png",
            "errorMsg": ""
        }, {
            "countryId": "224",
            "countryName": "Turkmenistan",
            "flagAbbrev": "tkst",
            "flagURL": "http://jpgraph.net/download/manuals/chunkhtml/images/flag-tkst.png",
            "errorMsg": ""
        }, {
            "countryId": "225",
            "countryName": "Tuvalu",
            "flagAbbrev": "tuva",
            "flagURL": "http://jpgraph.net/download/manuals/chunkhtml/images/flag-tuva.png",
            "errorMsg": ""
        }, {
            "countryId": "226",
            "countryName": "Ukraine",
            "flagAbbrev": "ukrn",
            "flagURL": "http://jpgraph.net/download/manuals/chunkhtml/images/flag-ukrn.png",
            "errorMsg": ""
        }, {
            "countryId": "227",
            "countryName": "Union of Myanmar",
            "flagAbbrev": "myan",
            "flagURL": "http://jpgraph.net/download/manuals/chunkhtml/images/flag-myan.png",
            "errorMsg": ""
        }, {
            "countryId": "228",
            "countryName": "Union of the Comoros",
            "flagAbbrev": "como",
            "flagURL": "http://jpgraph.net/download/manuals/chunkhtml/images/flag-como.png",
            "errorMsg": ""
        }, {
            "countryId": "229",
            "countryName": "United Arab Emirates",
            "flagAbbrev": "uaem",
            "flagURL": "http://jpgraph.net/download/manuals/chunkhtml/images/flag-uaem.png",
            "errorMsg": ""
        }, {
            "countryId": "230",
            "countryName": "United Kingdom of Great Britain",
            "flagAbbrev": "unkg",
            "flagURL": "http://jpgraph.net/download/manuals/chunkhtml/images/flag-unkg.png",
            "errorMsg": ""
        }, {
            "countryId": "231",
            "countryName": "United Mexican States",
            "flagAbbrev": "mexc",
            "flagURL": "http://jpgraph.net/download/manuals/chunkhtml/images/flag-mexc.png",
            "errorMsg": ""
        }, {
            "countryId": "232",
            "countryName": "United Nations",
            "flagAbbrev": "unna",
            "flagURL": "http://jpgraph.net/download/manuals/chunkhtml/images/flag-unna.png",
            "errorMsg": ""
        }, {
            "countryId": "233",
            "countryName": "United Republic of Tanzania",
            "flagAbbrev": "tanz",
            "flagURL": "http://jpgraph.net/download/manuals/chunkhtml/images/flag-tanz.png",
            "errorMsg": ""
        }, {
            "countryId": "234",
            "countryName": "United States of America",
            "flagAbbrev": "unst",
            "flagURL": "http://jpgraph.net/download/manuals/chunkhtml/images/flag-unst.png",
            "errorMsg": ""
        }, {
            "countryId": "235",
            "countryName": "Virgin Islands of the United States",
            "flagAbbrev": "usvs",
            "flagURL": "http://jpgraph.net/download/manuals/chunkhtml/images/flag-usvs.png",
            "errorMsg": ""
        }]
}