[
    {
        "name": "mickey mouse",
        "gender": "male",
        "age": 82
    }, {
        "name": "minnie mouse",
        "gender": "female",
        "age": 78
    }, {
        "name": "superman",
        "gender": "male",
        "age": 90
    }, {
        "name": "spiderman",
        "gender": "male",
        "age": 50
    }, {
        "name": "brad pitt",
        "gender": "male",
        "age": 52
    }, {
        "name": "brad other",
        "gender": "male",
        "age": 23
    }, {
        "name": "angelina jolie",
        "gender": "female",
        "age": 48
    }, {
        "name": "harrison ford",
        "age": 67
    }, {
        "name": "double O7",
        "gender": "female",
        "age": 69
    }, {
        "name": "double dutch",
        "gender": "female",
        "age": 12
    }
]