<?xml version="1.0" encoding="UTF-8"?>
<project-private xmlns="http://www.netbeans.org/ns/project-private/1">
    <editor-bookmarks xmlns="http://www.netbeans.org/ns/editor-bookmarks/2" lastBookmarkId="0"/>
    <open-files xmlns="http://www.netbeans.org/ns/projectui-open-files/2">
        <group>
            <file>file:/C:/Users/sallyk/Documents/NetBeansProjects/3344_WebAPI_Sample/src/java/model/CountryFlag/MakeList.java</file>
            <file>file:/C:/Users/sallyk/Documents/NetBeansProjects/3344_WebAPI_Sample/src/java/model/CountryFlag/StringData.java</file>
            <file>file:/C:/Users/sallyk/Documents/NetBeansProjects/3344_WebAPI_Sample/web/newjson.json</file>
            <file>file:/C:/Users/sallyk/Documents/NetBeansProjects/3344_WebAPI_Sample/web/countryFlagsJSON_1.jsp</file>
        </group>
    </open-files>
</project-private>
