<?xml version="1.0" encoding="UTF-8"?>
<project-private xmlns="http://www.netbeans.org/ns/project-private/1">
    <editor-bookmarks xmlns="http://www.netbeans.org/ns/editor-bookmarks/2" lastBookmarkId="0"/>
    <open-files xmlns="http://www.netbeans.org/ns/projectui-open-files/2">
        <group>
            <file>file:/C:/Users/Hai%20Dang/Documents/CIS%203344/Lab8/CIS3344_Lab8_Dang_Hai/web/tripleLab/htmlPartials/planet_list.html</file>
            <file>file:/C:/Users/Hai%20Dang/Documents/CIS%203344/Lab8/CIS3344_Lab8_Dang_Hai/web/tripleLab/index.html</file>
            <file>file:/C:/Users/Hai%20Dang/Documents/CIS%203344/Lab8/CIS3344_Lab8_Dang_Hai/web/tripleLab/js/planetListController.js</file>
        </group>
    </open-files>
</project-private>
